artikelnummer,median
200000916,216.0
200001023,72.0
200001438,96.0
200001521,55.0
200002113,40.0
200002143,50.0
200002577,2880.0
200003011,2400.0
200003434,96.0
200004250,33.0
200004484,2100.0
200005601,1920.0
200006088,33.0
200012599,38.0
200019627,30.0
200090665,44.0
200091309,44.0
200091310,40.0
200097355,48.0
200097386,35.0
200097527,24.0
200097620,48.0
200097628,42.0
200098321,48.0
200098557,48.0
200099601,48.0
200099621,72.0
200099650,40.0
200100949,44.0
200100974,44.0
200100977,44.0
200100993,44.0
200101035,96.0
200101078,44.0
200101082,40.0
200103085,96.0
200103090,120.0
200103095,44.0
200103097,96.0
200103099,96.0
200103100,432.0
200103120,96.0
200103125,96.0
200103137,96.0
200103149,96.0
200103158,32.0
200103160,375.0
200103197,40.0
200107075,60.0
200107077,44.0
200107080,140.0
200107091,44.0
200107096,140.0
200107111,375.0
200107113,44.0
200107115,44.0
200107127,40.0
200107133,96.0
200107152,44.0
200107153,744.0
200107155,96.0
200107158,120.0
200108277,44.0
200108287,96.0
200108311,44.0
200108333,44.0
200108359,44.0
200108367,44.0
200108370,40.0
200108394,96.0
200109106,267.0
200109115,366.0
200109118,44.0
200109124,44.0
200109136,44.0
200109141,96.0
200109148,44.0
200109158,132.0
200109166,26.0
200109173,32.0
200109189,96.0
200109194,44.0
200109209,96.0
200109211,140.0
200110295,44.0
200110308,40.0
200110313,44.0
200110319,96.0
200110320,96.0
200110349,120.0
200110363,44.0
200110367,96.0
200110369,16.0
200110372,44.0
200110373,84.0
200110375,30.0
200110379,44.0
200110380,96.0
200110394,96.0
200110411,96.0
200110415,140.0
200147219,768.0
200147643,512.0
200147908,384.0
200149767,128.0
200150020,128.0
200150416,768.0
200150951,128.0
200151413,144.0
200152250,384.0
200152323,256.0
200152698,108.0
200155374,384.0
200155377,256.0
200155398,24.0
200156114,768.0
200158216,456.0
200158273,59.0
200159086,186.0
200159843,512.0
200159874,256.0
200159962,128.0
200159964,512.0
200159965,128.0
200159998,256.0
200160020,6.0
200160172,512.0
200160181,128.0
200160183,128.0
200160721,384.0
200160752,144.0
200160900,240.0
200161094,256.0
200161111,144.0
200161112,144.0
200161287,96.0
200161297,128.0
200161431,512.0
200161607,512.0
200161609,512.0
200161639,512.0
200162705,152.0
200162827,304.0
200162899,119.5
200162933,256.0
200163067,512.0
200163302,384.0
200163354,144.0
200163472,144.0
200163770,384.0
200163968,512.0
200163978,128.0
200164016,384.0
200165644,512.0
200165653,128.0
200165967,256.0
200166530,144.0
200166726,768.0
200166734,512.0
200167757,288.0
200167988,44.0
200171828,44.0
200178253,6.0
200181430,6.0
200195150,100.0
200204076,60.0
200208049,48.0
200208083,48.0
200208223,100.0
200209401,80.0
200209493,60.0
200221615,144.0
200234938,480.0
200234944,192.0
200251147,40.0
200272147,44.0
200272149,770.0
200272153,44.0
200272170,24.0
200272179,120.0
200272181,120.0
200272215,44.0
200272234,120.0
200272282,44.0
200272292,120.0
200272314,120.0
200272320,33.0
200272343,120.0
200272361,44.0
200273486,44.0
200273543,30.0
200273545,44.0
200273547,120.0
200273553,324.0
200276164,44.0
200276222,44.0
200276263,420.0
200276265,44.0
200276272,120.0
200276283,44.0
200276306,210.0
200276330,480.0
200276342,44.0
200276345,44.0
200276354,44.0
200276356,324.0
200276360,140.0
200276378,45.0
200276390,210.0
200276400,480.0
200276428,44.0
200276440,120.0
200276478,324.0
200276501,120.0
200277217,48.0
200281319,127.0
200284845,6.0
200291678,44.0
200291682,120.0
200291693,120.0
200291695,324.0
200291711,120.0
200291721,120.0
200291812,7.0
200291814,44.0
200291824,480.0
200291849,120.0
200291854,210.0
200291856,420.0
200291860,120.0
200291873,40.0
200291915,44.0
200292425,44.0
200292454,120.0
200292464,44.0
200292472,126.0
200292500,270.0
200296216,120.0
200296249,120.0
200296265,420.0
200296272,44.0
200296334,44.0
200296348,120.0
200296386,120.0
200296388,44.0
200296390,120.0
200297383,120.0
200297388,120.0
200297405,44.0
200297406,420.0
200297408,44.0
200297460,324.0
200297513,324.0
200297517,210.0
200297540,770.0
200297624,24.0
200297629,120.0
200297630,120.0
200297646,44.0
200298506,420.0
200309961,12.0
200310305,480.0
200310311,44.0
200310316,82.0
200310348,210.0
200310361,40.0
200310372,480.0
200310478,14.0
200311149,120.0
200311150,44.0
200311173,44.0
200311185,120.0
200311222,44.0
200311236,120.0
200311656,120.0
200311663,44.0
200311709,44.0
200311712,420.0
200311717,44.0
200311757,44.0
200311783,120.0
200311786,770.0
200321319,12.0
200324567,1000.0
200335021,264.0
200338690,480.0
200342092,224.0
200347807,3.0
200355742,180.0
200521306,48.0
200598455,18.0
200598461,72.0
200602801,44.0
200602802,44.0
200609325,44.0
200619850,72.0
200622529,44.0
200628787,14.0
200628793,11.0
200628799,4.0
200628804,120.0
200630121,72.0
200637895,40.0
200642851,40.0
200657679,70.0
200658945,51.0
200664524,40.0
200669701,60.0
200674143,40.0
200675107-1,25.0
200675107-2,75.0
200687918,30.0
200754734,10.0
200759523,7.0
200775672,33.0
200779171,120.0
200779173,120.0
200779176,120.0
200779178,17.0
200779179,44.0
200779180,120.0
200779181,480.0
200779184,44.0
200779185,120.0
200779187,44.0
200779188,120.0
200779191,480.0
200779192,44.0
200779195,44.0
200779197,120.0
200779199,44.0
200781365,120.0
200782742,24.0
200782743,100.0
200782745,2450.0
200782747,5512.5
200782748,4812.5
200782749,3900.0
200782750,2625.0
200782751,10500.0
200782753,800.0
200783457,830.0
200783462,840.0
200783469,700.0
200783470,2520.0
200783479,1120.0
200783480,350.0
200787128,44.0
200787129,44.0
200787131,40.0
200788251,44.0
200788255,44.0
200788257,40.0
200788259,40.0
200788263,33.0
200788583,40.0
200788801,120.0
200788809,40.0
200788894,120.0
200788912,44.0
200790967,44.0
200790969,96.0
200790970,44.0
200790972,44.0
200790977,96.0
200790979,44.0
200794525,5400.0
200794526,3400.0
200794527,2450.0
200795148,480.0
200796502,144.0
200796669,12.0
200796686,12.0
200797342,12.0
200803800,8.0
200804626,50.0
200804630,88.0
200805440,96.0
200805453,44.0
200805522,28.0
200806573,180.0
200807540,112.0
200825807,4.0
200828968,45.0
200836579,3.0
200837037,144.0
200838751,270.0
200838754,80.0
200838757,126.0
200838765,44.0
200838768,120.0
200838769,70.0
200838771,270.0
200838773,120.0
200839123,200.0
200839137,4.0
200839459,108.0
200839460,360.0
200839765,12.0
200839927,60.0
200840865,160.0
200840867,120.0
200840910,72.0
200840924,20.0
200840927,720.0
200841040,40.0
200841048,40.0
200841049,29.0
200841052,64.0
200841053,35.0
200841062,120.0
200863251,10.0
200863296,48.0
200863297,24.0
200866381,96.0
200866383,33.0
200866386,96.0
200866403,44.0
200866935,120.0
200869220,360.0
200869221,270.0
200869222,360.0
200869223,372.0
200869225,360.0
200869229,360.0
200869230,360.0
200869231,360.0
200869233,360.0
200869234,360.0
200869235,270.0
200869236,384.0
200869237,360.0
200869238,318.0
200869239,270.0
200869240,234.0
200869242,126.0
200869243,444.0
200869244,360.0
200869246,360.0
200869998,56.0
200869999,56.0
200870000,13.0
200870001,98.0
200870002,66.0
200870003,36.0
200870004,36.0
200870005,125.0
200870006,120.0
200870007,120.0
200870009,33.0
200870075,32.0
200870417,168.0
200871477,20.0
200871483,300.0
200871508,30.0
200871660,20.0
200871811,16.0
200871812,12.0
200871813,16.0
200871815,16.0
200874271,300.0
200874687,24.0
200878486,202.5
200879703,400.0
200880522,48.0
200883896,100.0
200883897,128.0
200883906,144.0
200884993,30.0
200887981,13.0
200890162,40.0
200890163,44.0
200890167,44.0
200890168,44.0
200891643,512.0
200891646,512.0
200891653,128.0
200891655,128.0
200895174,44.0
200895175,44.0
200895177,96.0
200895181,96.0
200895182,375.0
200895183,96.0
200895184,96.0
200895185,96.0
200895187,375.0
200895189,44.0
200895190,96.0
200895191,375.0
200895192,375.0
200895193,44.0
200895195,44.0
200895196,96.0
200895199,96.0
200895200,44.0
200895201,44.0
200895472,96.0
200895473,96.0
200895474,44.0
200895476,96.0
200895477,375.0
200895479,44.0
200895481,44.0
200895482,350.0
200895483,96.0
200895564,96.0
200895836,4.0
200895838,60.0
200895861,49.0
200896121,60.0
200896122,144.0
200896124,120.0
200896125,32.0
200896568,168.0
200896570,360.0
200897073,5.0
200897075,10.0
200897191,576.0
200897192,360.0
200897194,108.0
200897754,30.0
200902291,27.0
200909183,18.0
200911129,1.0
200911133,1.0
200911138,1.0
200911139,1.0
200911141,1.0
200911142,1.0
200911143,1.0
200911146,1.0
200911150,1.0
200911152,1.0
200911157,1.0
200911158,1.0
200911160,1.0
200911161,1.0
200919905,480.0
200919906,480.0
200919909,120.0
200919911,120.0
200919912,120.0
200919918,44.0
200919923,44.0
200919926,44.0
200920264,6.0
200920265,3.0
200920268,4.0
200920434,2.0
200920435,2.0
200920437,1.0
200920439,1.0
200920441,1.0
200920444,2.0
200920805,750.0
200920813,4.0
200922666,4.0
200922671,24.0
200922689,12.0
200944142,18.0
200944284,300.0
200944285,336.0
200944286,336.0
200944287,360.0
200944288,360.0
200944289,360.0
700062105,30.0
700062148,120.0
700062188,42.5
700062244,49.0
700062328,30.0
700064150,360.0
700064614,218.0
700066548,400.0
700067317,400.0
700072184,10.5
700072195,44.0
700072197,44.0
700072199,24.0
700072921,138.0
700073029,126.0
700073045,5.0
700073121,114.0
700073161,72.0
700073166,18.0
700073182,60.0
700073195,23.0
700083019,522.0
700083653,22.0
700083694,4.0
700083889,522.0
700096519,24.0
700096753,16.5
700097401,108.0
700097420,174.0
700097456,360.0
700098302,300.0
700099898,16.0
700101024,167.0
700104671,64.0
700108072-2,4.0
700108205-1,60.0
700108205-2,120.0
700109728,30.0
700110936,200.0
700110937,200.0
700120944,80.0
700131658,24.0
700131659,20.0
700131678,16.0
700131684,50.0
700131719,100.0
700131726,40.0
700131733,30.0
700132601,120.0
700134697,9.0
700136245,120.0
700136285,240.0
700136297,60.0
700136444,96.0
700137416,24.0
700137632,60.0
700139847,42.0
700140590,96.0
700141542,1800.0
700141544,1800.0
700141554,2700.0
700141555,1200.0
700141556,4000.0
700141557,1920.0
700141558,1920.0
700141564,900.0
700141575,1500.0
700141580,1600.0
700141581,400.0
700141582,900.0
700141583,720.0
700141584,450.0
700141590,400.0
700141827,40.0
700142645,900.0
700143027,720.0
700143299,84.0
700143654,1520.0
700144495,30.0
700144755,199.0
700144998,330.0
700144999,120.0
700145000,330.0
700145001,330.0
700145009,120.0
700145010,372.0
700145011,320.0
700145012,120.0
700145050,128.0
700145056,64.0
700145060,64.0
700145117,120.0
700145177,56.0
700145178,54.0
700145179,36.0
700145182,72.0
700150016,960.0
700150032,132.0
700150172,1080.0
700150336,384.0
700150372,112.0
700150373,112.0
700150374,56.0
700154106,4.0
700154710,40.0
700154711,30.0
700156204,80.0
700156315,96.0
700156456,44.0
700156564,24.0
700156707,120.0
700156716,24.0
700156826,120.0
700156840,120.0
700156974,44.0
700157013,44.0
700157238,75.0
700157266,44.0
700157290,60.0
700157354,11.0
700157390,44.0
700157405,120.0
700157487,120.0
700157494,69.0
700157561,44.0
700157762,69.0
700157837,69.0
700157863,44.0
700157965,24.0
700157975,11.0
700158096,24.0
700158123,44.0
700158199,84.0
700158246,24.0
700158260,120.0
700158261,138.0
700158264,48.0
700158393,96.0
700160161,14.0
700160163,22.0
700160177,112.0
700160196,6.0
700160244,36.0
700160265,48.0
700160311,165.0
700160462,21.0
700160469,6.0
700160473,42.0
700160572,44.0
700160693,44.0
700160853,1.0
700160876,160.0
700160877,120.0
700161022,280.0
700161023,180.0
700161056,64.0
700161058,64.0
700161062,176.0
700161067,132.0
700161290,10.0
700161293,10.0
700161305,10.0
700161306,20.0
700161421,1200.0
700161422,480.0
700161423,240.0
700161485,40.0
700161486,40.0
700161488,30.0
700161489,36.0
700161492,36.0
700161521,36.0
700161605,56.0
700161628,32.0
700161687,108.0
700161925,720.0
700161926,720.0
700161949,16.0
700162281,22.0
700162287,44.0
700162314,8.0
700162384,35.0
700162589,32.0
700162593,1.0
700162594,1.0
700162840,4.0
700162846,21.0
700162891,32.0
700162893,12.0
700163123,138.0
700163125,94.0
700163429,142.0
700163430,162.0
700163433,114.0
700164629,9.0
700164705,300.0
700164707,450.0
700164720,7.0
700164954-2,4.0
700164997,48.0
700166020,25.0
700166094,5.0
700166100,96.0
700167535,52.0
700168526,125.0
700168527,125.0
700168528,60.0
700168572,1020.0
700168819,280.0
700168820,280.0
700168880,108.0
700170570,24.0
700170722,36.0
700170827,6.0
700170834,36.0
700170974,42.0
700170975,42.0
700170996,56.0
700171015,36.0
700171066,78.0
700171157-1,10.0
700171157-2,11.5
700171206,240.0
700171223,100.0
700171356,30.0
700171596,8.0
700171660,72.0
700171661,80.0
700171719,414.0
700171720,44.0
700171721,120.0
700171801,18.0
700172002,48.0
700172023,1.0
700172217,48.0
700172219,48.0
700172703,12.0
700172704,12.0
700172708,6.0
700172713,48.0
700172796,12.0
700172895,105.0
700173258,12.0
700173265,21.0
700173291,96.0
700173309,60.0
700173310,28.0
700173311,36.0
700173315,18.0
700173361,30.0
700173363,20.0
700173397,32.0
700173398,16.0
700173399,60.0
700173516,30.0
700174001,10.0
700174118,480.0
700174121,6.0
700174126,120.0
700174155,168.0
700174158,41.0
700174273,52.5
700174275,120.0
700174278,480.0
700174280,12.0
700174281,192.0
700174306,100.0
700174327,240.0
700174386,11.0
700174402,48.0
700174403,44.0
700174501,46.0
700174511,4.0
700174512,4.0
700174581,56.0
700174597,78.0
700174598,50.0
700174839,358.5
700175039,255.0
700175040,325.0
700175041,288.0
700175042,240.0
700175043,120.0
700175044,384.0
700175045,128.0
700175048,70.0
700175062,125.0
700175063,150.0
700175064,175.0
700175073,144.0
700175076,320.0
700175083,150.0
700175086,78.0
700175087,78.0
700175138,44.0
700175177,42.0
700175178,100.0
700175202,240.0
700175205,90.0
700175208,60.0
700175209,42.0
700175235,15.0
700175348,59.0
700175404,3.0
700175410,90.0
700175412,90.0
700175422,80.0
700175449,18.0
700175472,10.0
700175483,4.0
700175494,24.0
700175504,15.0
700175511,50.0
700175525,13.0
700175526,250.0
700175542,50.0
700175543,72.0
700175568,96.0
700175569,16.0
700175606,2.0
700175609,12.0
700175615,1200.0
700175636,390.0
700175637,180.0
700175638,300.0
700175639,200.0
700175641,500.0
700175643,700.0
700175645,40.0
700175708,25.0
700175714,15.0
700176314,48.0
700176340,50.0
700176341,50.0
700176351,40.0
700176394,20.0
700176483,20.0
700176489,22.0
700176498,10.0
700176503,720.0
700176504,364.0
700176532,8.0
700176550,64.0
700176551,42.0
700176553,32.0
700176557,96.0
700176558,54.0
700176568,44.0
700176569,96.0
700176571,44.0
700176574,8.5
700176578,16.5
700176580,48.0
700176583,33.0
700177048,32.0
700177049,20.0
700177050,12.0
700177051,60.0
700177052,60.0
700177053,30.0
700177054,60.0
700177433,2450.0
700177553,11.0
700177554,12.0
700177626,12.0
700177627,20.0
700177952,18.0
700178870,4.0
700178872,3.0
700178875,11.5
700179336,6.0
700179346,6.0
700179347,108.0
700179349,24.0
700179352,24.0
700179358,66.0
700179359,66.0
700179364,37.0
700179365,52.0
700179366,50.0
700179370,2450.0
700179376,2000.0
700179377,1100.0
700179631,24.0
700179691,28.0
700181957,19.0
700195024,50.0
700195025,105.0
700208368,96.0
700208386,82.5
700215088,48.0
700215105,7.0
700215143,40.0
700215144,64.0
700215146,48.0
700215156,5.0
700215161,12.0
700215162,18.0
700215172,48.0
700215210,35.0
700215211,35.0
700302856,20.0
700302857,20.0
700303104,60.0
700305864,6.0
700306479,128.0
700306499,138.0
700307272,24.0
700307273,24.0
700307304,60.0
700307309,24.0
700307314,75.0
700307315,75.0
700307324,20.0
700307325,24.0
700307328,20.0
700307332,104.0
700307334,48.0
700307366,30.0
700307377,21.0
700307381,42.0
700307396,60.0
700307397,24.0
700307398,300.0
700307476,60.0
700307477,30.0
700307491,48.0
700307510,24.0
700307511,85.0
700310923,224.0
700310936,184.0
700310942,210.0
700310944,1050.0
700310953,280.0
700310957,432.0
700310959,182.0
700310967,194.0
700310968,196.0
700310973,400.0
700310975,182.0
700310993,210.0
700310995,210.0
700311001,192.0
700311004,864.0
700311010,1056.0
700311018,480.0
700311020,210.0
700311021,192.0
700311031,576.0
700314349,28.0
700314352,60.0
700315489,24.0
700315491,3.0
700315500,36.0
700316537,1152.0
700316623,1200.0
700319818,33.0
700319825,2.0
700319826,6.0
700319827,10.0
700320165,40.0
700320174,40.0
700320204,36.0
700321040,100.0
700321765,280.0
700321870,120.0
700322520,47.0
700323353,24.0
700323364,65.5
700323376,92.0
700326033,42.0
700326034,42.0
700326035,56.0
700326036,56.0
700326037,42.0
700326038,42.0
700326039,42.0
700326040,42.0
700326041,42.0
700328969,42.0
700329375,100.0
700329472,12.0
700329487,288.0
700329529,44.0
700329544,22.0
700329581,450.0
700329630,336.0
700329651,33.0
700329653,96.0
700329745,96.0
700329771,1248.0
700329772,240.0
700329777,1248.0
700329800,1248.0
700329830,624.0
700329834,1248.0
700329835,33.0
700329930,44.0
700329932,96.0
700329994,77.0
700330176-1,6.0
700330176-2,6.0
700334991,240.0
700334993,240.0
700334999,120.0
700336490,24.0
700338415,66.0
700338421,44.0
700338422,48.0
700338849,14.0
700338850,12.0
700338893,1.0
700338894,1.0
700338926,51.0
